INSERT INTO tinder_app.users(user_id, name, email, password_hash, gender, birth_date, bio, location)
VALUES
    (1, 'Ivan Petrov', 'ivan.petrov@example.com', 'hash1', 'M', '1985-01-15', 'Люблю спорт и путешествия', 'Москва'),
    (2, 'Maria Ivanova', 'maria.ivanova@example.com', 'hash2', 'F', '1990-03-20', 'Люблю читать и путешествовать', 'Санкт-Петербург'),
    (3, 'Alexey Sidorov', 'alexey.sidorov@example.com', 'hash3', 'M', '1988-07-10', 'Фанат компьютерных игр', 'Казань'),
    (4, 'Elena Smirnova', 'elena.smirnova@example.com', 'hash4', 'F', '1992-11-25', 'Творческая личность, художник', 'Новосибирск'),
    (5, 'Sergey Kuznetsov', 'sergey.kuznetsov@example.com', 'hash5', 'M', '1987-05-30', 'Инженер, увлекаюсь музыкой', 'Екатеринбург'),
    (6, 'Anna Volnova', 'anna.volnova@example.com', 'hash6', 'F', '1995-09-15', 'Студентка, люблю котов', 'Москва'),
    (7, 'Dmitry Fedorov', 'dmitry.fedorov@example.com', 'hash7', 'M', '1989-02-14', 'Спортсмен, бегун', 'Санкт-Петербург'),
    (8, 'Olga Romanova', 'olga.romanova@example.com', 'hash8', 'F', '1991-06-20', 'Фрилансер, дизайнер', 'Киев'),
    (9, 'Pavel Orlov', 'pavel.orlov@example.com', 'hash9', 'M', '1990-12-05', 'Программист, интересуюсь AI', 'Москва'),
    (10, 'Svetlana Pavlova', 'svetlana.pavlova@example.com', 'hash10', 'F', '1988-04-22', 'Журналист, люблю путешествия', 'Санкт-Петербург'),
    (11, 'Vladimir Kuzmin', 'vladimir.kuzmin@example.com', 'hash11', 'M', '1985-08-12', 'Повар, экспериментирую с рецептами', 'Новосибирск'),
    (12, 'Natalia Egorova', 'natalia.egorova@example.com', 'hash12', 'F', '1993-10-05', 'Писатель, люблю поэзию', 'Москва'),
    (13, 'Maxim Sokolov', 'maxim.sokolov@example.com', 'hash13', 'M', '1991-03-11', 'Адвокат, увлекаюсь историей', 'Санкт-Петербург'),
    (14, 'Irina Smirnova', 'irina.smirnova@example.com', 'hash14', 'F', '1989-07-30', 'Медик, работаю в больнице', 'Казань'),
    (15, 'Andrey Petrov', 'andrey.petrov@example.com', 'hash15', 'M', '1986-11-17', 'Предприниматель, люблю бизнес', 'Екатеринбург'),
    (16, 'Victoria Morozova', 'victoria.morozova@example.com', 'hash16', 'F', '1994-02-25', 'Студентка, увлекаюсь путешествиями', 'Новосибирск'),
    (17, 'Konstantin Lebedev', 'konstantin.lebedev@example.com', 'hash17', 'M', '1990-05-08', 'IT-специалист, люблю кофе', 'Москва'),
    (18, 'Ekaterina Nikolaeva', 'ekaterina.nikolaeva@example.com', 'hash18', 'F', '1992-09-12', 'Маркетолог, креативный подход', 'Санкт-Петербург'),
    (19, 'Igor Volkov', 'igor.volkov@example.com', 'hash19', 'M', '1987-01-30', 'Финансист, люблю спорт', 'Москва'),
    (20, 'Daria Frolova', 'daria.frolova@example.com', 'hash20', 'F', '1993-12-01', 'HR-специалист, коммуникабельная', 'Казань'),
    (21, 'Mikhail Kuznetsov', 'mikhail.kuznetsov@example.com', 'hash21', 'M', '1988-06-18', 'Инженер, увлекаюсь робототехникой', 'Екатеринбург'),
    (22, 'Alina Volkova', 'alina.volkova@example.com', 'hash22', 'F', '1991-08-23', 'Фотограф, люблю природу', 'Новосибирск'),
    (23, 'Roman Sidorov', 'roman.sidorov@example.com', 'hash23', 'M', '1989-10-30', 'Музыкант, играю на гитаре', 'Санкт-Петербург'),
    (24, 'Marina Belova', 'marina.belova@example.com', 'hash24', 'F', '1990-03-15', 'Психолог, помогаю людям', 'Москва'),
    (25, 'Boris Gavrilov', 'boris.gavrilov@example.com', 'hash25', 'M', '1986-07-07', 'Писатель, люблю классическую литературу', 'Казань'),
    (26, 'Galina Morozova', 'galina.morozova@example.com', 'hash26', 'F', '1987-09-09', 'Юрист, работаю в суде', 'Екатеринбург'),
    (27, 'Oleg Smirnov', 'oleg.smirnov@example.com', 'hash27', 'M', '1992-01-02', 'Программист, увлекаюсь технологиями', 'Новосибирск'),
    (28, 'Tatiana Ivanova', 'tatiana.ivanova@example.com', 'hash28', 'F', '1994-05-14', 'Дизайнер, люблю искусство', 'Санкт-Петербург'),
    (29, 'Dmitry Orlov', 'dmitry.orlov@example.com', 'hash29', 'M', '1989-11-29', 'Аналитик, люблю цифры', 'Москва'),
    (30, 'Sofia Petrova', 'sofia.petrova@example.com', 'hash30', 'F', '1993-04-04', 'Студентка, увлекаюсь музыкой', 'Казань');


INSERT INTO tinder_app.profile_photo(photo_id, user_id, photo_url, is_main, uploaded_at)
VALUES
    (1, 1, 'http://example.com/photos/ivan_petrov.jpg', TRUE, '2025-03-26 12:00:00'),
    (2, 2, 'http://example.com/photos/maria_ivanova.jpg', TRUE, '2025-03-26 12:05:00'),
    (3, 3, 'http://example.com/photos/alexey_sidorov.jpg', TRUE, '2025-03-26 12:10:00'),
    (4, 4, 'http://example.com/photos/elena_smirnova.jpg', TRUE, '2025-03-26 12:15:00'),
    (5, 5, 'http://example.com/photos/sergey_kuznetsov.jpg', TRUE, '2025-03-26 12:20:00'),
    (6, 6, 'http://example.com/photos/anna_volnova.jpg', TRUE, '2025-03-26 12:25:00'),
    (7, 7, 'http://example.com/photos/dmitry_fedorov.jpg', TRUE, '2025-03-26 12:30:00'),
    (8, 8, 'http://example.com/photos/olga_romanova.jpg', TRUE, '2025-03-26 12:35:00'),
    (9, 9, 'http://example.com/photos/pavel_orlov.jpg', TRUE, '2025-03-26 12:40:00'),
    (10, 10, 'http://example.com/photos/svetlana_pavlova.jpg', TRUE, '2025-03-26 12:45:00'),
    (11, 11, 'http://example.com/photos/vladimir_kuzmin.jpg', TRUE, '2025-03-26 12:50:00'),
    (12, 12, 'http://example.com/photos/natalia_egorova.jpg', TRUE, '2025-03-26 12:55:00'),
    (13, 13, 'http://example.com/photos/maxim_sokolov.jpg', TRUE, '2025-03-26 13:00:00'),
    (14, 14, 'http://example.com/photos/irina_smirnova.jpg', TRUE, '2025-03-26 13:05:00'),
    (15, 15, 'http://example.com/photos/andrey_petrov.jpg', TRUE, '2025-03-26 13:10:00'),
    (16, 16, 'http://example.com/photos/victoria_morozova.jpg', TRUE, '2025-03-26 13:15:00'),
    (17, 17, 'http://example.com/photos/konstantin_lebedev.jpg', TRUE, '2025-03-26 13:20:00'),
    (18, 18, 'http://example.com/photos/ekaterina_nikolaeva.jpg', TRUE, '2025-03-26 13:25:00'),
    (19, 19, 'http://example.com/photos/igor_volkov.jpg', TRUE, '2025-03-26 13:30:00'),
    (20, 20, 'http://example.com/photos/daria_frolova.jpg', TRUE, '2025-03-26 13:35:00'),
    (21, 21, 'http://example.com/photos/mikhail_kuznetsov.jpg', TRUE, '2025-03-26 13:40:00'),
    (22, 22, 'http://example.com/photos/alina_volkova.jpg', TRUE, '2025-03-26 13:45:00'),
    (23, 23, 'http://example.com/photos/roman_sidorov.jpg', TRUE, '2025-03-26 13:50:00'),
    (24, 24, 'http://example.com/photos/marina_belova.jpg', TRUE, '2025-03-26 13:55:00'),
    (25, 25, 'http://example.com/photos/boris_gavrilov.jpg', TRUE, '2025-03-26 14:00:00'),
    (26, 26, 'http://example.com/photos/galina_morozova.jpg', TRUE, '2025-03-26 14:05:00'),
    (27, 27, 'http://example.com/photos/oleg_smirnov.jpg', TRUE, '2025-03-26 14:10:00'),
    (28, 28, 'http://example.com/photos/tatiana_ivanova.jpg', TRUE, '2025-03-26 14:15:00'),
    (29, 29, 'http://example.com/photos/dmitry_orlov.jpg', TRUE, '2025-03-26 14:20:00'),
    (30, 30, 'http://example.com/photos/sofia_petrova.jpg', TRUE, '2025-03-26 14:25:00');


INSERT INTO tinder_app.preference(preference_id, user_id, preferred_gender, age_min, age_max, distance_km, valid_from, valid_to, is_current)
VALUES
    (1, 1, 'F', 20, 35, 50, '2025-03-26 14:30:00', NULL, TRUE),
    (2, 2, 'M', 25, 40, 30, '2025-03-26 14:31:00', NULL, TRUE),
    (3, 3, 'F', 22, 36, 40, '2025-03-26 14:32:00', NULL, TRUE),
    (4, 4, 'M', 24, 38, 30, '2025-03-26 14:33:00', NULL, TRUE),
    (5, 5, 'F', 23, 37, 50, '2025-03-26 14:34:00', NULL, TRUE),
    (6, 6, 'M', 21, 33, 20, '2025-03-26 14:35:00', NULL, TRUE),
    (7, 7, 'F', 20, 35, 50, '2025-03-26 14:36:00', NULL, TRUE),
    (8, 8, 'M', 25, 40, 30, '2025-03-26 14:37:00', NULL, TRUE),
    (9, 9, 'F', 22, 36, 40, '2025-03-26 14:38:00', NULL, TRUE),
    (10, 10, 'M', 24, 38, 30, '2025-03-26 14:39:00', NULL, TRUE),
    (11, 11, 'F', 20, 35, 50, '2025-03-26 14:40:00', NULL, TRUE),
    (12, 12, 'M', 25, 40, 30, '2025-03-26 14:41:00', NULL, TRUE),
    (13, 13, 'F', 22, 36, 40, '2025-03-26 14:42:00', NULL, TRUE),
    (14, 14, 'M', 24, 38, 30, '2025-03-26 14:43:00', NULL, TRUE),
    (15, 15, 'F', 23, 37, 50, '2025-03-26 14:44:00', NULL, TRUE),
    (16, 16, 'M', 21, 33, 20, '2025-03-26 14:45:00', NULL, TRUE),
    (17, 17, 'F', 20, 35, 50, '2025-03-26 14:46:00', NULL, TRUE),
    (18, 18, 'M', 25, 40, 30, '2025-03-26 14:47:00', NULL, TRUE),
    (19, 19, 'F', 22, 36, 40, '2025-03-26 14:48:00', NULL, TRUE),
    (20, 20, 'M', 24, 38, 30, '2025-03-26 14:49:00', NULL, TRUE),
    (21, 21, 'F', 20, 35, 50, '2025-03-26 14:50:00', NULL, TRUE),
    (22, 22, 'M', 25, 40, 30, '2025-03-26 14:51:00', NULL, TRUE),
    (23, 23, 'F', 22, 36, 40, '2025-03-26 14:52:00', NULL, TRUE),
    (24, 24, 'M', 24, 38, 30, '2025-03-26 14:53:00', NULL, TRUE),
    (25, 25, 'F', 23, 37, 50, '2025-03-26 14:54:00', NULL, TRUE),
    (26, 26, 'M', 21, 33, 20, '2025-03-26 14:55:00', NULL, TRUE),
    (27, 27, 'F', 20, 35, 50, '2025-03-26 14:56:00', NULL, TRUE),
    (28, 28, 'M', 25, 40, 30, '2025-03-26 14:57:00', NULL, TRUE),
    (29, 29, 'F', 22, 36, 40, '2025-03-26 14:58:00', NULL, TRUE),
    (30, 30, 'M', 24, 38, 30, '2025-03-26 14:59:00', NULL, TRUE);


INSERT INTO tinder_app.swipe(swipe_id, swiper_id, target_id, swipe_type, swipe_time)
VALUES
    (1, 1, 2, 'like', '2025-03-26 15:00:00'),
    (2, 2, 3, 'like', '2025-03-26 15:01:00'),
    (3, 3, 4, 'dislike', '2025-03-26 15:02:00'),
    (4, 4, 5, 'like', '2025-03-26 15:03:00'),
    (5, 5, 6, 'like', '2025-03-26 15:04:00'),
    (6, 6, 7, 'dislike', '2025-03-26 15:05:00'),
    (7, 7, 8, 'like', '2025-03-26 15:06:00'),
    (8, 8, 9, 'like', '2025-03-26 15:07:00'),
    (9, 9, 10, 'dislike', '2025-03-26 15:08:00'),
    (10, 10, 11, 'like', '2025-03-26 15:09:00'),
    (11, 11, 12, 'like', '2025-03-26 15:10:00'),
    (12, 12, 13, 'dislike', '2025-03-26 15:11:00'),
    (13, 13, 14, 'like', '2025-03-26 15:12:00'),
    (14, 14, 15, 'like', '2025-03-26 15:13:00'),
    (15, 15, 16, 'dislike', '2025-03-26 15:14:00'),
    (16, 16, 17, 'like', '2025-03-26 15:15:00'),
    (17, 17, 18, 'like', '2025-03-26 15:16:00'),
    (18, 18, 19, 'dislike', '2025-03-26 15:17:00'),
    (19, 19, 20, 'like', '2025-03-26 15:18:00'),
    (20, 20, 21, 'like', '2025-03-26 15:19:00'),
    (21, 21, 22, 'dislike', '2025-03-26 15:20:00'),
    (22, 22, 23, 'like', '2025-03-26 15:21:00'),
    (23, 23, 24, 'like', '2025-03-26 15:22:00'),
    (24, 24, 25, 'dislike', '2025-03-26 15:23:00'),
    (25, 25, 26, 'like', '2025-03-26 15:24:00'),
    (26, 26, 27, 'like', '2025-03-26 15:25:00'),
    (27, 27, 28, 'dislike', '2025-03-26 15:26:00'),
    (28, 28, 29, 'like', '2025-03-26 15:27:00'),
    (29, 29, 30, 'like', '2025-03-26 15:28:00'),
    (30, 30, 1, 'dislike', '2025-03-26 15:29:00');


INSERT INTO tinder_app.matchs(match_id, swipe_id, user1_id, user2_id, matched_at)
SELECT ROW_NUMBER() OVER (ORDER BY swiper_id, target_id) AS match_id,
       swipe_id AS swipe_id,
       swiper_id AS user1_id,
       target_id AS user2_id,
       swipe_time AS matched_at
FROM tinder_app.swipe
WHERE swipe_type = 'like';

INSERT INTO tinder_app.message(message_id, match_id, sender_id, text, sent_at)
VALUES
(1,  1,  1,  'Hi, how are you?', '2025-03-26 16:00:00'),
(2,  2,  3,  'Hello, nice to meet you!', '2025-03-26 16:01:00'),
(3,  3,  4,  'Hey, want to chat?', '2025-03-26 16:02:00'),
(4,  4,  6,  'Hi there, how is your day going?', '2025-03-26 16:03:00'),
(5,  5,  7,  'Hello, Im excited to meet you!', '2025-03-26 16:04:00'),
(6,  6,  9,  'Hi, lets get to know each other.', '2025-03-26 16:05:00'),
(7,  7, 10,  'Hey, hows it going?', '2025-03-26 16:06:00'),
(8,  8, 12,  'Hi, nice to meet you!', '2025-03-26 16:07:00'),
(9,  9, 13,  'Hello, what are you up to?', '2025-03-26 16:08:00'),
(10, 10,15,  'Hi, hows your day?', '2025-03-26 16:09:00'),
(11, 11,16,  'Hello, glad we matched!', '2025-03-26 16:10:00'),
(12, 12,18,  'Hey, whats new?', '2025-03-26 16:11:00'),
(13, 13,19,  'Hi, how are you doing?', '2025-03-26 16:12:00'),
(14, 14,21,  'Hello, nice day, isnt it?', '2025-03-26 16:13:00'),
(15, 15,22,  'Hey, what are your hobbies?', '2025-03-26 16:14:00'),
(16, 16,24,  'Hi, hows your work going?', '2025-03-26 16:15:00'),
(17, 17,25,  'Hello, excited to chat!', '2025-03-26 16:16:00'),
(18, 18,27,  'Hi, lets share some interests.', '2025-03-26 16:17:00'),
(19, 19,28,  'Hey, how are you?', '2025-03-26 16:18:00'),
(20, 20,30,  'Hello, whats up?', '2025-03-26 16:19:00'),

-- Дополнительные 10 сообщений с альтернативным выбором отправителя для некоторых матчей
(21, 1,  2,  'Following up on our chat, hows it going?', '2025-03-26 16:20:00'),
(22, 2,  2,  'Are you free this weekend?', '2025-03-26 16:21:00'),
(23, 3,  5,  'Looking forward to chatting more!', '2025-03-26 16:22:00'),
(24, 4,  5,  'Any plans for tonight?', '2025-03-26 16:23:00'),
(25, 5,  8,  'What kind of music do you like?', '2025-03-26 16:24:00'),
(26, 6,  8,  'Want to grab coffee sometime?', '2025-03-26 16:25:00'),
(27, 7, 11,  'How was your day?', '2025-03-26 16:26:00'),
(28, 8, 11,  'Lets plan a meeting soon.', '2025-03-26 16:27:00'),
(29, 9, 14,  'Have you seen any good movies lately?', '2025-03-26 16:28:00'),
(30, 10,14,  'Looking forward to our conversation.', '2025-03-26 16:29:00');
